{
	"numRecords": 26332209,
	"numReads": 134117602,
	"numBarcodes": 2235072,
	"medianReadsPerBarcode": 2.000000,
	"meanReadsPerBarcode": 60.005943,
	"numUMIs": 10788426,
	"numBarcodeUMIs": 22950363,
	"medianUMIsPerBarcode": 1.000000,
	"meanUMIsPerBarcode": 10.268288,
	"gtRecords": 10394299,
	"numTargets": 115048,
	"medianTargetsPerSet": 1.000000,
	"meanTargetsPerSet": 2.141537,
	"numSingleton": 73346632,
	"gtTargets": 4846,
	"numBarcodesOnWhitelist": 790935,
	"percentageBarcodesOnWhitelist": 35.387451,
	"numReadsOnWhitelist": 122272795,
	"percentageReadsOnWhitelist": 91.168343
}
