{
	"numRecords": 6756250,
	"numReads": 6768699,
	"numBarcodes": 246324,
	"medianReadsPerBarcode": 1.000000,
	"meanReadsPerBarcode": 27.478845,
	"numUMIs": 5061398,
	"numBarcodeUMIs": 6754740,
	"medianUMIsPerBarcode": 1.000000,
	"meanUMIsPerBarcode": 27.422176,
	"gtRecords": 6734088,
	"numTargets": 155,
	"medianTargetsPerSet": 1.000000,
	"meanTargetsPerSet": 1.001223,
	"numSingleton": 6765724,
	"gtTargets": 18446744073709551589,
	"numBarcodesOnWhitelist": 138234,
	"percentageBarcodesOnWhitelist": 56.118770,
	"numReadsOnWhitelist": 6645685,
	"percentageReadsOnWhitelist": 98.182605
}
