{
	"numRecords": 29302172,
	"numReads": 29334163,
	"numBarcodes": 664585,
	"medianReadsPerBarcode": 1.000000,
	"meanReadsPerBarcode": 44.139069,
	"numUMIs": 11376082,
	"numBarcodeUMIs": 29298295,
	"medianUMIsPerBarcode": 1.000000,
	"meanUMIsPerBarcode": 44.085098,
	"gtRecords": 29262998,
	"numTargets": 155,
	"medianTargetsPerSet": 1.000000,
	"meanTargetsPerSet": 1.003326,
	"numSingleton": 29301619,
	"gtTargets": 9,
	"numBarcodesOnWhitelist": 220231,
	"percentageBarcodesOnWhitelist": 33.138124,
	"numReadsOnWhitelist": 28800509,
	"percentageReadsOnWhitelist": 98.180776
}
