{
	"numRecords": 26280942,
	"numReads": 26330409,
	"numBarcodes": 698674,
	"medianReadsPerBarcode": 1.000000,
	"meanReadsPerBarcode": 37.686259,
	"numUMIs": 11148495,
	"numBarcodeUMIs": 26275836,
	"medianUMIsPerBarcode": 1.000000,
	"meanUMIsPerBarcode": 37.608149,
	"gtRecords": 26191576,
	"numTargets": 155,
	"medianTargetsPerSet": 1.000000,
	"meanTargetsPerSet": 1.002005,
	"numSingleton": 26312774,
	"gtTargets": 18446744073709551605,
	"numBarcodesOnWhitelist": 312139,
	"percentageBarcodesOnWhitelist": 44.675915,
	"numReadsOnWhitelist": 25602111,
	"percentageReadsOnWhitelist": 97.234004
}
