{
	"numRecords": 23262329,
	"numReads": 102387508,
	"numBarcodes": 2011495,
	"medianReadsPerBarcode": 2.000000,
	"meanReadsPerBarcode": 50.901199,
	"numUMIs": 10060573,
	"numBarcodeUMIs": 19865735,
	"medianUMIsPerBarcode": 1.000000,
	"meanUMIsPerBarcode": 9.876105,
	"gtRecords": 9755619,
	"numTargets": 113354,
	"medianTargetsPerSet": 1.000000,
	"meanTargetsPerSet": 2.180098,
	"numSingleton": 54763186,
	"gtTargets": 6004,
	"numBarcodesOnWhitelist": 751242,
	"percentageBarcodesOnWhitelist": 37.347446,
	"numReadsOnWhitelist": 93220444,
	"percentageReadsOnWhitelist": 91.046697
}
