{
	"numRecords": 54134386,
	"numReads": 94387080,
	"numBarcodes": 2978277,
	"medianReadsPerBarcode": 2.000000,
	"meanReadsPerBarcode": 31.691841,
	"numUMIs": 14350397,
	"numBarcodeUMIs": 45160281,
	"medianUMIsPerBarcode": 1.000000,
	"meanUMIsPerBarcode": 15.163224,
	"gtRecords": 24409602,
	"numTargets": 188855,
	"medianTargetsPerSet": 4.000000,
	"meanTargetsPerSet": 4.743751,
	"numSingleton": 20000507,
	"gtTargets": 6911,
	"numBarcodesOnWhitelist": 1117743,
	"percentageBarcodesOnWhitelist": 37.529854,
	"numReadsOnWhitelist": 87626777,
	"percentageReadsOnWhitelist": 92.837682
}
